{
    "kango_version": "1.3.1 ba4b80d08b67", 
    "content_scripts": [
        "scripts/comments_ratings_colors.js", 
        "scripts/youtube_link_convert.js", 
        "scripts/lepro_total_comments.js", 
        "scripts/nice_comment_navigation.js"
    ], 
    "description": "Leprosorium++", 
    "creator": "Rpsl", 
    "kango_package_id": "dev", 
    "background_scripts": [
        "main.js"
    ], 
    "homepage_url": "http://leprosorium.ru/", 
    "version": "0.2", 
    "options_page": "options.html", 
    "browser_button": {
        "caption": "Leprosorium", 
        "tooltipText": "Leprosorium++", 
        "popup": {
            "url": "popup.html", 
            "width": 100, 
            "height": 70
        }, 
        "icon": "icons/button.png"
    }, 
    "id": "cmoaeoopgbabkeljpdoocejcjnednikb", 
    "name": "Leprosorium++"
}